HashEA,Buscar,10,15
HashEA,Buscar,10,21
HashEA,Buscar,10,26
HashEA,Buscar,10,28
HashEA,Buscar,10,30
HashEA,Buscar,10,49
HashEA,Buscar,10,52
HashEA,Buscar,10,53
HashEA,Buscar,10,59
HashEA,Buscar,10,74
HashEA,Buscar,25,16
HashEA,Buscar,25,19
HashEA,Buscar,25,27
HashEA,Buscar,25,32
HashEA,Buscar,25,33
HashEA,Buscar,25,35
HashEA,Buscar,25,39
HashEA,Buscar,25,40
HashEA,Buscar,25,48
HashEA,Buscar,25,60
HashEA,Buscar,75,63
HashEA,Buscar,75,66
HashEA,Buscar,75,67
HashEA,Buscar,75,69
HashEA,Buscar,75,70
HashEA,Buscar,75,71
HashEA,Buscar,75,74
HashEA,Buscar,75,75
HashEA,Buscar,75,77
HashEA,Buscar,75,78
HashEA,Buscar,100,4683
HashEA,Buscar,100,4684
HashEA,Buscar,100,4685
HashEA,Buscar,100,4686
HashEA,Buscar,100,4687
HashEA,Buscar,100,4688
HashEA,Buscar,100,4689
HashEA,Buscar,100,4690
HashEA,Buscar,100,4691
HashEA,Buscar,100,4692
HashEA,Buscar,200,5219
HashEA,Buscar,200,5220
HashEA,Buscar,200,5221
HashEA,Buscar,200,5222
HashEA,Buscar,200,5223
HashEA,Buscar,200,5224
HashEA,Buscar,200,5225
HashEA,Buscar,200,5226
HashEA,Buscar,200,5227
HashEA,Buscar,200,5228
